Picture Count,Run Number,Stock #,Year,Make,Model,Style,Color,Odometer,CR,Grade,Sale Date,Lane,Lot,Lights,VIN,Announcements
46,R-120,561140,2022,Chrysler,Pacifica,Limited,BLACK,49827,Yes,3.5,2026-09-03,R,120,Green,2C4RC1GG2NR114389,GREEN LIGHT
47,R-121,559877,2015,Mercedes-Benz,C Class,"",BLACK,99553,Yes,2.0,2026-09-03,R,121,Red,55SWF4JB1FU054061,AS-IS
44,R-126,557126,2014,Ram,1500,Tradesman,WHITE,131476,Yes,2.0,2026-09-03,R,126,"Green, Yellow",3C6JR6AT1EG292516,GREEN LIGHT UNIBODY/FRAME
39,R-128,560121,2021,Chevrolet,Silverado 2500,2500HD LT,WHITE,155211,Yes,3.7,2026-09-03,R,128,Red,1GC1WNE72MF226145,AS-IS
31,R-134,561945,2013,Volvo,S60,T5,GRAY,97929,Yes,3.5,2026-09-03,R,134,Green,YV1612FH2D2191313,GREEN LIGHT
40,R-135,561261,2016,Toyota,Camry,SE,GRAY,118897,Yes,3.5,2026-09-03,R,135,Green,4T1BF1FK5GU127699,GREEN LIGHT
45,R-141,558957,2017,Chevrolet,Sonic,LT,SILVER,79777,Yes,2.4,2026-09-03,R,141,Red,1G1JD5SH3H4113060,AS-IS
42,R-142,558756,2018,Land Rover,Range Rover Velar,S,WHITE,85300,Yes,2.0,2026-09-03,R,142,Red,SALYB2RN1JA744198,AS-IS
44,R-146,556975,2016,Ram,1500,SLT,BLACK,119123,Yes,2.5,2026-09-03,R,146,Red,1C6RR7GT3GS390619,AS-IS
49,R-149,559621,2015,Kia,Sedona,LX,GRAY,132280,Yes,2.5,2026-09-03,R,149,Red,KNDMB5C12F6042964,AS-IS
52,R-152,557070,2009,Dodge,Charger,R/T,RED,143259,Yes,2.0,2026-09-03,R,152,Red,2B3KA53T89H620145,AS-IS UNIBODY / FRAME
40,R-154,559844,2018,Ford,Fusion,HYBRID SE,SILVER,149093,Yes,2.0,2026-09-03,R,154,Red,3FA6P0LU7JR242330,AS-IS
55,R-157,557280,2015,Ford,Taurus,SEL,SILVER,157973,Yes,2.0,2026-09-03,R,157,Red,1FAHP2E83FG149663,AS-IS UNIBODY / FRAME
62,R-166,561838,2016,Ford,F350SD,"",WHITE,293155,Yes,2.0,2026-09-03,R,166,"Red, Yellow",1FT8W3BT9GEC01225,"AS-IS, RUST UNIBODY / FRAME"
47,R-167,560090,2011,Chevrolet,Silverado 1500,LTZ,WHITE,296604,Yes,2.8,2026-09-03,R,167,Red,3GCPKTE3XBG234335,AS-IS
46,R-168,560770,2012,Toyota,Avalon,LIMITED,WHITE,299727,Yes,2.0,2026-09-03,R,168,Red,4T1BK3DB4CU441364,AS-IS UNIBODY / FRAME
38,S-001,564211,2021,Honda,Odyssey,Touring,GRAY,43057,Yes,4.0,2026-09-03,S,001,Green,5FNRL6H81MB040199,NAAA SILVER CERTIFIED
28,S-002,564546,2018,Toyota,Tundra,SR5 5.7L V8,ORANGE,89815,Yes,4.4,2026-09-03,S,002,"Green, Blue",5TFEY5F12JX234208,NAAA SILVER CERTIFIED
31,S-004,564757,2019,GMC,Yukon,Denali,BLACK,120883,Yes,3.5,2026-09-03,S,004,Blue,1GKS2CKJ2KR268142,""
43,S-006,564138,2019,Tesla,Model 3,MID RANGE,WHITE,58299,Yes,3.5,2026-09-03,S,006,Blue,5YJ3E1EA0KF425230,""
29,S-008,564058,2021,Toyota,Camry,SE,WHITE,81639,Yes,4.5,2026-09-03,S,008,Green,4T1G11AK4MU430593,NAAA SILVER CERTIFIED
26,S-009,565176,2022,Hyundai,Elantra,Limited,GRAY,28555,Yes,4.1,2026-09-03,S,009,Blue,KMHLP4AG8NU366960,""
32,S-011,564209,2014,Mercedes-Benz,E Class,E 350,BLACK,61061,Yes,3.9,2026-09-03,S,011,Green,WDDKK5KF9EF267584,GREEN LIGHT
31,S-013,565136,2023,Chrysler,Pacifica,Touring L,WHITE,88782,Yes,3.8,2026-09-03,S,013,"",2C4RC1BG2PR532669,""
33,S-015,565109,2022,Chevrolet,Colorado, LT,WHITE,43570,Yes,3.0,2026-09-03,S,015,Blue,1GCHSCEAXN1245776,UNIBODY / FRAME
38,S-018,564169,2017,Subaru,Forester,PREMIUM,SILVER,44183,Yes,2.6,2026-09-03,S,018,"Green, Yellow",JF2SJAGC2HH582516,NAAA SILVER CERTIFIED UNIBODY FRAME
26,S-019,565133,2019,Subaru,Crosstrek,Premium,GRAY,107104,Yes,4.7,2026-09-03,S,019,"",JF2GTAEC2KH326368,""
34,S-021,564065,2018,Jeep,Cherokee,Limited,GRAY,35047,Yes,4.0,2026-09-03,S,021,"",1C4PJLDB5JD553830,""
40,S-022,565027,2017,Lincoln,MKZ,Select,RED,94672,Yes,3.1,2026-09-03,S,022,Blue,3LN6L5C96HR664741,""
38,S-024,564206,2015,Toyota,Tacoma,BASE V6,BROWN,210992,Yes,1.6,2026-09-03,S,024,Red,3TMMU4FN2FM077460,AS IS
45,S-026,561298,2019,Cadillac,CTS,SEDAN LUXURY,BLACK,68680,Yes,2.3,2026-09-03,S,026,"",1G6AX5SX7K0105812,UNIBODY / FRAME
30,S-027,564887,2011,BMW,1-Series,128i,BLUE,39947,Yes,4.2,2026-09-03,S,027,Green,WBAUL7C55BVM80757,GREEN LIGHT
30,S-029,564207,2014,Honda,CR-V,EX-L,BLUE,158572,Yes,2.9,2026-09-03,S,029,"",2HKRM3H71EH546461,""
32,S-030,564212,2004,Ford,Mustang,DELUXE,BLACK,43435,Yes,3.6,2026-09-03,S,030,Red,1FAFP44624F192302,AS IS
1,S-031,565222,2017,Volkswagen,Tiguan,S,GRAY,75244,No,"",2026-09-03,S,031,Blue,WVGAV7AX7HK053669,""
34,S-032,564177,2015,Ford,Fusion,SE,WHITE,89455,Yes,2.3,2026-09-03,S,032,"Green, Blue",3FA6P0H70FR134934,GREEN LIGHT
44,S-033,563657,2016,Subaru,Crosstrek,Premium,BLUE,72261,Yes,2.4,2026-09-03,S,033,"Red, Yellow, Blue",JF2GPABC9G8205093,"AS IS REBUILT,SALVAGE UNIBODY"
50,S-035,565014,2014,Toyota,Camry,SE,SILVER,134034,Yes,1.7,2026-09-03,S,035,"",4T1BF1FK7EU858387,UNIBODY
1,S-036,565204,2016,Chevrolet,Traverse,LTZ,BLACK,110764,No,"",2026-09-03,S,036,Blue,1GNKVJKD1GJ302487,""
31,S-037,565033,2015,Ford,Mustang,GT PREMIUM,ORANGE,248243,Yes,2.8,2026-09-03,S,037,Blue,1FA6P8CFXF5347874,""
46,S-038,564432,2014,Toyota,Prius,TWO,WHITE,111221,Yes,2.3,2026-09-03,S,038,Blue,JTDKN3DUXE1754923,""
47,S-039,565203,2017,Kia,Forte,LX,GRAY,84716,Yes,1.6,2026-09-03,S,039,Blue,3KPFK4A70HE024731,""
32,S-041,564042,2017,Mini,Cooper,"",BLUE,41335,Yes,2.2,2026-09-03,S,041,Blue,WMWXU1C38H2F78328,UNIBODY / FRAME
36,S-042,565200,2012,Toyota,Sienna,LE V6 8 PASSE,SILVER,147417,Yes,3.4,2026-09-03,S,042,Blue,5TDKK3DC5CS249551,""
30,S-043,565201,2017,Volkswagen,Tiguan,S,BLACK,91414,Yes,3.9,2026-09-03,S,043,Blue,WVGAV7AX0HK045834,""
35,S-045,562140,2013,Chevrolet,Cruze,1LT,RED,52471,Yes,2.4,2026-09-03,S,045,"Green, Yellow",1G1PC5SB5D7235047,GREEN LIGHT UNIBODY/FRAME
39,S-046,565129,2009,Volkswagen,Rabbit,S,GRAY,69329,Yes,2.1,2026-09-03,S,046,"",WVWDA71K79W125384,UNIBODY
31,S-047,565196,2000,Mercedes-Benz,SL Class,2DR ROADSTE,GOLD,52238,Yes,2.4,2026-09-03,S,047,Blue,WDBFA68F0YF189047,UNIBODY
39,S-048,564261,2007,Toyota,Avalon,LIMITED,WHITE,135021,Yes,2.2,2026-09-03,S,048,"",4T1BK36B77U210445,EXEMPT
37,S-049,565199,2019,Ford,Escape,SEL,WHITE,94927,Yes,2.5,2026-09-03,S,049,Blue,1FMCU0HD5KUA12063,""
47,S-051,561078,2018,Kia,Sorento,LX,PURPLE,136748,Yes,1.8,2026-09-03,S,051,"Red, Yellow",5XYPG4A3XJG419558,AS IS UNIBODY
40,S-052,564045,2008,Nissan,Maxima,3.5 SL,BLACK,63588,Yes,2.7,2026-09-03,S,052,Red,1N4BA41E38C828678,AS IS
44,S-053,565020,2008,Toyota,Prius,STANDARD,GREEN,96794,Yes,1.3,2026-09-03,S,053,"",JTDKB20U487736525,""
56,S-054,564269,2012,Toyota,Camry,LE,SILVER,190079,Yes,2.6,2026-09-03,S,054,"",4T1BF1FK0CU170826,""
1,S-055,565223,2009,Ford,F150,XL,WHITE,242380,No,"",2026-09-03,S,055,Blue,1FTRF12W39KC82651,""
43,S-056,564736,2007,Ford,E350 Vans,"",WHITE,97857,Yes,1.3,2026-09-03,S,056,"",1FBSS31L07DA38560,LOCAL GOVERNMENT
31,S-057,564606,2011,Mazda,Mazda2,SPORT,GREEN,158006,Yes,2.5,2026-09-03,S,057,"Red, Yellow",JM1DE1HY1B0114563,AS IS UNIBODY
37,S-058,564564,2005,Lincoln,Town Car,SIGNATURE L,TAN,124952,Yes,2.4,2026-09-03,S,058,"Red, Yellow",1LNHM82W05Y654265,AS IS UNIBODY EXEMPT
44,S-059,564549,2013,Chrysler,Town & Country,TOURI,BLACK,154809,Yes,2.0,2026-09-03,S,059,Blue,2C4RC1BG8DR631542,""
49,S-060,563840,2004,Ford,Explorer,XLS,GRAY,139574,Yes,1.5,2026-09-03,S,060,Red,1FMZU62K94UA48913,AS IS
33,S-061,565016,2010,BMW,3-Series,328i,WHITE,123746,Yes,1.7,2026-09-03,S,061,"",WBAPH7G56ANM50447,UNIBODY / FRAME
30,S-062,565195,2015,Chrysler,200,S,WHITE,141872,Yes,3.9,2026-09-03,S,062,"",1C3CCCBB7FN737099,TOTAL LOSS ODO DISREPENCY THEFT RECOVERY
30,S-063,564756,2013,Jeep,Compass,Latitude,BLUE,104643,Yes,2.8,2026-09-03,S,063,Blue,1C4NJCEA5DD190950,""
34,S-064,564264,2012,Kia,Sorento,LX,SILVER,188083,Yes,2.1,2026-09-03,S,064,"",5XYKT4A2XCG255261,UNIBODY
31,S-065,564151,2009,Jeep,Wrangler,X,WHITE,112653,Yes,3.9,2026-09-03,S,065,Red,1J4FA24159L730109,AS IS EXEMPT
53,S-066,564558,2008,Toyota,Camry Solara,SLE,GRAY,207960,Yes,1.6,2026-09-03,S,066,"",4T1FA38P38U140215,EXEMPT WATER DAMAGE  UNIBODY
52,S-067,565198,2015,Nissan,Altima,2.5 S,SILVER,140308,Yes,1.7,2026-09-03,S,067,Blue,1N4AL3AP8FC289652,UNIBODY
30,S-068,565110,2013,Ford,Escape,SE,WHITE,83014,Yes,2.4,2026-09-03,S,068,Blue,1FMCU0GX0DUD33121,UNIBODY/FRAME
34,W-001,563746,2022,Kia,K5,GT-LINE,GRAY,79710,Yes,4.2,2026-09-03,W,001,"Green, Blue",5XXG64J20NG133352,BWC 7 DAY
35,W-002,564013,2023,Kia,Sorento,LX,SILVER,80198,Yes,3.8,2026-09-03,W,002,"Green, Blue",5XYRGDLC8PG197147,BWC 7 DAY
31,W-004,563570,2020,Nissan,Rogue,S,WHITE,59597,Yes,3.6,2026-09-03,W,004,Green,5N1AT2MT5LC779390,BWC 7 DAY
37,W-005,563910,2024,Hyundai,Venue,SEL,BLUE,35383,Yes,3.5,2026-09-03,W,005,"Green, Blue",KMHRC8A39RU294408,BWC 7 DAY
37,W-007,561147,2020,Toyota,Corolla,LE,BLACK,56546,Yes,2.7,2026-09-03,W,007,Green,JTDEPRAE0LJ015273,BWC 7 DAY
45,W-008,563623,2022,Mitsubishi,Outlander,SE,BLUE,92764,Yes,2.5,2026-09-03,W,008,Green,JA4J4UA88NZ029652,BWC 7 DAY
51,W-010,564277,2023,Nissan,Rogue,SV,SILVER,87154,Yes,2.3,2026-09-03,W,010,"Green, Blue",JN8BT3BA6PW002824,BWC 7 DAY
39,W-011,563801,2016,Volkswagen,Tiguan,SEL,WHITE,70586,Yes,2.1,2026-09-03,W,011,"Green, Yellow",WVGBV7AXXGW509711,BWC 7 DAY UNIBODY
64,W-013,509634,2020,Toyota,Corolla,LE,RED,84662,Yes,2.0,2026-09-03,W,013,"Green, Blue",5YFEPRAE6LP094184,"BWC 7 DAY,UNIBODY/FRAME"
35,W-016,563276,2018,Kia,Optima,LX,SILVER,123702,Yes,4.1,2026-09-03,W,016,Green,5XXGT4L39JG178900,BWC 3 DAY
38,W-018,555845,2017,Chevrolet,Silverado 1500,LT,WHITE,117336,Yes,3.7,2026-09-03,W,018,"Green, Blue",3GCPCREC8HG294347,BWC 3 DAY
36,W-019,561761,2020,Hyundai,Elantra,SEL,BLUE,112169,Yes,2.5,2026-09-03,W,019,Green,5NPD84LFXLH528234,BWC 3 DAY
61,W-020,554317,2018,Mercedes-Benz,Metris,STANDARD ROOF,BLACK,119666,Yes,2.0,2026-09-03,W,020,"Green, Yellow",WD4PG2EE4J3438455,BWC 3 DAY UNIBODY FRAME
47,W-022,555918,2017,Ram,1500,BIG HORN,BLACK,113593,Yes,2.0,2026-09-03,W,022,"Green, Yellow, Blue",1C6RR7GT4HS698674,BWC 3 DAY UNIBODY FRAME
47,W-023,564425,2019,Nissan,Altima,2.5 SV,RED,114828,Yes,2.0,2026-09-03,W,023,"Green, Blue",1N4BL4DV1KC159310,BWC 3 DAY
31,W-024,559417,2019,Ford,T350 Vans,"",WHITE,112159,Yes,2.0,2026-09-03,W,024,"Green, Blue",1FBZX2ZM4KKA47581,BWC 3 DAY
34,W-027,559144,2021,Volkswagen,Tiguan,SE,RED,126070,Yes,3.6,2026-09-03,W,027,"Green, Yellow",3VV3B7AX7MM012467,GREEN LIGHT OIL LEAK
31,W-028,562526,2020,Toyota,RAV4,Hybrid Limited,SILVER,41311,Yes,4.1,2026-09-03,W,028,"Green, Yellow",JTMDWRFV5LD537547,"GREEN LIGHT, COLLISION AVOIDANCE LIGHT"
31,W-030,564232,2019,Nissan,Rogue,SV,WHITE,144163,Yes,3.6,2026-09-03,W,030,"Green, Blue",KNMAT2MT4KP531031,GREEN LIGHT
30,W-031,562725,2014,Buick,Enclave,Premium,SILVER,133747,Yes,3.0,2026-09-03,W,031,"Green, Yellow, Blue",5GAKRCKD1EJ115192,GREEN LIGHT TRANS SHUDDER
35,W-033,561159,2019,Nissan,Pathfinder,SL,SILVER,117681,Yes,2.9,2026-09-03,W,033,"Green, Yellow",5N1DR2MN7KC642916,GREEN LIGHT ENG LIGHT
40,W-034,563628,2015,Mercedes-Benz,CLA Class,"",WHITE,148526,Yes,2.7,2026-09-03,W,034,Green,WDDSJ4EB6FN213558,GREEN LIGHT
39,W-036,564027,2018,Honda,Accord,SEDAN TOURING,BROWN,140324,Yes,2.7,2026-09-03,W,036,"Green, Blue",1HGCV1F93JA193963,GREEN LIGHT
46,W-037,556369,2014,Toyota,Tacoma, REG CAB I,RED,124967,Yes,2.5,2026-09-03,W,037,"Green, Yellow, Blue",5TFNX4CNXEX033876,GREEN LIGHT TRANS SHUDDER
56,W-039,563340,2020,Ram,1500,Tradesman,WHITE,105855,Yes,2.4,2026-09-03,W,039,"Green, Yellow",1C6SRECG6LN385938,GREEN LIGHT ENG LIGHT TRACTION LIGHT
41,W-040,563762,2020,Nissan,Rogue,S,GRAY,75640,Yes,2.0,2026-09-03,W,040,"Green, Yellow, Blue",5N1AT2MT2LC807937,"GREEN LIGHT, TOTAL LOSS, SALVAGE/REBUILT, UNIBODY/FRAME"
41,W-041,564288,2020,Nissan,Altima,2.5 SR,GRAY,161778,Yes,2.0,2026-09-03,W,041,"Green, Yellow, Blue",1N4BL4CV1LN310301,GREEN LIGHT ENG LIGHT
40,W-042,563625,2016,Nissan,Maxima,3.5 PLATINUM,BLUE,149770,Yes,2.0,2026-09-03,W,042,"Green, Yellow, Blue",1N4AA6AP3GC414243,GREEN LIGHT UNIBODY / FRAME
49,W-043,562177,2016,Subaru,Impreza,WAGON 2.0I S,BLACK,138267,Yes,2.0,2026-09-03,W,043,"Green, Yellow",JF1GPAS67G8261404,GREEN LIGHT AIRBAG LIGHT UNIBODY / FRAME
34,W-045,564132,2015,Honda,Accord,SEDAN LX,GOLD,151920,Yes,2.0,2026-09-03,W,045,"Green, Yellow, Blue",1HGCR2F31FA268690,GREEN LIGHT UNIBODY/FRAME
58,W-046,564271,2012,Honda,Civic,SDN LX,BLUE,145603,Yes,2.0,2026-09-03,W,046,"Green, Blue",2HGFB2F53CH567646,GREEN LIGHT
32,W-048,562986,2018,Toyota,Camry,SE,BLACK,89640,Yes,2.0,2026-09-03,W,048,"Green, Yellow",4T1B11HK6JU050554,"GREEN LIGHT TOTAL LOSS,SALVAGE/REBUILT, UNIBODY/ FRAME"
57,W-049,563571,2017,Ford,Explorer,XLT,SILVER,115591,Yes,2.0,2026-09-03,W,049,"Green, Yellow",1FM5K8D89HGE32292,"GEREEN LIGHT P0430 CODE TOTAL LOSS, SALVAGE/REBUILT, UNIBODY/FRAME"
40,W-051,564184,2017,Toyota,Camry,SE,BLACK,112921,Yes,2.0,2026-09-03,W,051,"Green, Yellow, Blue",4T1BF1FK8HU728963,GREEN LIGHT CEL UNIBODY/FRAME
39,W-054,562509,2021,Nissan,Kicks,S,BLUE,112964,Yes,3.8,2026-09-03,W,054,Red,3N1CP5BV3ML487544,AS IS
32,W-055,563856,2019,BMW,X3,XDrive30i,WHITE,112143,Yes,3.7,2026-09-03,W,055,"Red, Blue",5UXTR9C58KLD97765,AS IS
34,W-056,563748,2016,Volkswagen,CC,SPORT,BLACK,100954,Yes,3.6,2026-09-03,W,056,Red,WVWBN7AN1GE505622,AS IS
43,W-057,561760,2018,Chevrolet,Silverado 1500,LTZ,WHITE,167622,Yes,3.6,2026-09-03,W,057,Red,1GCRCSEC8JZ357565,AS IS
31,W-059,563753,2020,Volkswagen,Jetta,GLI S,WHITE,84907,Yes,3.5,2026-09-03,W,059,"Red, Blue",3VW6T7BU9LM051912,AS IS
28,W-060,563412,2011,Jeep,Compass,4DR,WHITE,109227,Yes,3.3,2026-09-03,W,060,"Green, Yellow",1J4NF1FBXBD158760,AS IS
34,W-061,563747,2017,Honda,Pilot,EX-L,RED,67242,Yes,3.3,2026-09-03,W,061,"Red, Blue",5FNYF5H50HB037271,AS IS
32,W-062,564017,2015,Toyota,Highlander,LE PLUS V,BLACK,207113,Yes,3.2,2026-09-03,W,062,"Red, Blue",5TDBKRFH2FS147916,AS IS
33,W-063,562945,2013,Ford,C-Max,HYBRID SE,SILVER,139233,Yes,3.4,2026-09-03,W,063,Red,1FADP5AU2DL504085,AS IS
43,W-064,557453,2018,Maserati,Levante,3.0L,GRAY,77439,Yes,3.1,2026-09-03,W,064,Red,ZN661XUA8JX270524,AS IS
39,W-065,562061,2008,Honda,Accord,SDN EX-L,GRAY,123784,Yes,2.9,2026-09-03,W,065,Red,1HGCP36888A074409,AS IS
52,W-066,520696,2015,Volkswagen,Jetta,SEDAN 2.0L S,BLACK,136379,Yes,2.9,2026-09-03,W,066,Red,3VW2K7AJXFM411413,AS IS
51,W-067,560860,2016,Kia,Sedona,LX,RED,152644,Yes,2.8,2026-09-03,W,067,Red,KNDMB5C1XG6204759,AS IS
54,W-069,562722,2016,Land Rover,Range Rover,"",BLACK,1,Yes,2.7,2026-09-03,W,069,"Red, Blue",SALGS2EF0GA263815,AS IS
45,W-070,563768,2015,Mazda,CX-9,Touring,GRAY,191476,Yes,2.7,2026-09-03,W,070,"Red, Blue",JM3TB2CA9F0465366,AS IS
40,W-071,564302,2016,BMW,3-Series,328I XDRIVE,GRAY,89747,Yes,2.6,2026-09-03,W,071,"Red, Blue",WBA8E3G51GNU03227,AS IS
40,W-072,560319,2016,Porsche,Cayenne,4DR,TAN,101011,Yes,2.6,2026-09-03,W,072,Red,WP1AA2A20GLA09320,AS IS UNIBODY / FRAME
64,W-074,564281,2011,Jeep,Wrangler,UNLIMITED S,SILVER,234366,Yes,2.5,2026-09-03,W,074,"Red, Blue",1J4HA5H13BL618063,AS IS
67,W-075,563384,2008,Ford,F250SD,"",SILVER,126485,Yes,2.5,2026-09-03,W,075,Red,1FTSW21R98EC51775,AS IS
57,W-076,563450,2017,Chevrolet,Equinox,LT,WHITE,233068,Yes,2.4,2026-09-03,W,076,"Red, Blue",2GNALCEK9H6229763,AS IS
41,W-077,560926,2021,INFINITI,Q60,3.0T LUXE,RED,29085,Yes,2.4,2026-09-03,W,077,"Red, Yellow",JN1EV7KLXMM470433,"AS IS ,TOTAL LOSS,SALVAGE/REBUILT, UNIBODY/ FRAME"
50,W-078,564279,2015,Jeep,Grand Cherokee,LARED,BLACK,135784,Yes,2.3,2026-09-03,W,078,"Red, Blue",1C4RJEAG5FC779853,AS IS
46,W-079,563378,2016,Hyundai,Elantra,SE,SILVER,171785,Yes,2.4,2026-09-03,W,079,"Red, Blue",KMHDH4AE2GU589837,AS IS
40,W-080,564565,2017,Nissan,Sentra,S,GRAY,181364,Yes,2.2,2026-09-03,W,080,"Red, Blue",3N1AB7AP7HY280023,AS IS
40,W-081,563944,2015,Acura,TLX,V6 TECH,WHITE,193600,Yes,2.2,2026-09-03,W,081,"Red, Blue",19UUB3F56FA000167,AS IS
48,W-082,563854,2011,Chevrolet,Silverado 1500,LT,SILVER,265997,Yes,2.2,2026-09-03,W,082,"Red, Blue",3GCPCSE06BG270763,AS IS
38,W-083,564296,2022,Toyota,Camry,SE,RED,105287,Yes,2.2,2026-09-03,W,083,"Red, Yellow, Blue",4T1G11AK5NU067058,AS IS TOTAL LOSS
54,W-084,563380,2008,Mercedes-Benz,C Class,3.0L SPORT,BLACK,138154,Yes,2.2,2026-09-03,W,084,"Red, Blue",WDDGF81XX8F153734,AS IS UNIBODY / FRAME
77,W-085,562976,2015,Ford,Focus,SE,BLACK,128524,Yes,2.2,2026-09-03,W,085,Red,1FADP3F20FL318365,AS IS
47,W-086,563760,2016,Lincoln,MKC,PREMIER,WHITE,195221,Yes,2.1,2026-09-03,W,086,"Red, Blue",5LMCJ1C97GUJ30248,AS IS
47,W-087,563667,2014,Ram,1500,BIG HORN,BLACK,162012,Yes,2.1,2026-09-03,W,087,"Red, Blue",1C6RR6GT6ES254945,AS IS
44,W-088,564292,2013,Mercedes-Benz,C Class,C 300 SPORT,BLACK,132518,Yes,2.1,2026-09-03,W,088,"Red, Blue",WDDGF8AB1DR263181,AS IS
49,W-089,563442,2011,Jeep,Wrangler,UNLIMITED R,ORANGE,163804,Yes,2.1,2026-09-03,W,089,Red,1J4BA6H17BL548000,AS IS
44,W-090,561810,2016,BMW,3-Series,328i,SILVER,170878,Yes,2.1,2026-09-03,W,090,Red,WBA8E9G56GNT84919,AS IS
67,W-091,563741,2017,Ford,Explorer,XLT,SILVER,163406,Yes,2.1,2026-09-03,W,091,"Red, Blue",1FM5K8D86HGD17648,AS IS
55,W-092,556883,2018,Honda,Accord,SEDAN EX-L NA,SILVER,84063,Yes,2.0,2026-09-03,W,092,"Green, Yellow",1HGCV1F64JA103483,"GREEN LIGHT TOTAL LOSS, SALVAGE/REBUILT, UNIBODY FRAME"
40,W-093,564240,2017,Chevrolet,Malibu,LT,SILVER,104405,Yes,2.0,2026-09-03,W,093,"Red, Blue",1G1ZE5ST1HF240592,AS IS
75,W-094,563809,2010,Toyota,Sequoia,SR5 5.7L V8,SILVER,227429,Yes,2.0,2026-09-03,W,094,"Red, Blue",5TDZY5G19AS025716,AS IS
43,W-095,560684,2019,Jeep,Cherokee,Limited,BLACK,78414,Yes,2.0,2026-09-03,W,095,Red,1C4PJMDX6KD227683,AS IS
37,W-096,563274,2024,Nissan,Versa,SV,BLUE,10559,Yes,2.0,2026-09-03,W,096,Red,3N1CN8EV9RL881950,AS IS
70,W-097,563775,2014,Ford,F350SD,"",RED,256829,Yes,2.0,2026-09-03,W,097,"Red, Blue",1FT8W3B68EEB39940,AS IS
37,W-098,563784,2008,Ford,Expedition,SSV,GOLD,154937,Yes,2.0,2026-09-03,W,098,Red,1FMFU15528LA24377,AS IS
43,W-099,561844,2017,Cadillac,XT5,Luxury,SILVER,115597,Yes,2.0,2026-09-03,W,099,Red,1GYKNBRS3HZ265457,AS IS
38,W-100,564020,2020,Kia,Optima,LX,WHITE,97223,Yes,2.0,2026-09-03,W,100,"Red, Yellow, Blue",5XXGT4L3XLG385363,AS IS TOTAL LOSS SALVAGE REBUILT
37,W-101,561645,2019,Mitsubishi,Mirage,ES,RED,57796,Yes,2.0,2026-09-03,W,101,Red,ML32A3HJ3KH003566,AS IS
38,W-102,563778,2019,Nissan,Altima,2.5 S,SILVER,109055,Yes,2.0,2026-09-03,W,102,"Red, Yellow",1N4BL4BV9KC165777,"AS IS ,LOCAL GOVERNMENT"
53,W-103,564293,2014,Hyundai,Genesis Coupe,3.8 GR,WHITE,114133,Yes,2.0,2026-09-03,W,103,"Red, Blue",KMHHU6KJ9EU118138,AS IS
34,W-104,563945,2014,Mercedes-Benz,CLS Class,CLS 550,BLACK,126988,Yes,2.0,2026-09-03,W,104,"Red, Blue",WDDLJ7DB3EA098205,AS IS
70,W-105,562040,2012,Ford,F350SD,"",WHITE,210556,Yes,2.0,2026-09-03,W,105,Red,1FT8W3B60CEA10068,AS IS
60,W-106,564015,2014,Dodge,Durango,Limited,GRAY,163862,Yes,2.0,2026-09-03,W,106,"Red, Blue",1C4RDHDG7EC438294,AS IS
60,W-107,563804,2017,Kia,Forte,LX,BROWN,159125,Yes,2.0,2026-09-03,W,107,"Red, Blue",3KPFL4A75HE144599,AS IS
33,W-108,564234,2020,Nissan,Altima,2.5 S,WHITE,123519,Yes,2.0,2026-09-03,W,108,"Red, Yellow, Blue",1N4BL4BVXLN301209,"AS IS TOTAL LOSS,,SALVAGE/REBUILT"
69,W-109,562864,2011,Ford,F150,XLT,BLUE,287758,Yes,2.0,2026-09-03,W,109,Red,1FTFW1CT2BFB29622,AS IS
36,W-110,563828,2016,Volkswagen,Jetta,SEDAN 1.4T S,BLACK,118528,Yes,2.0,2026-09-03,W,110,"Red, Blue",3VW267AJ7GM234406,AS IS
61,W-111,557219,2010,Dodge,Ram 1500,TRX,WHITE,188058,Yes,2.0,2026-09-03,W,111,Red,1D7RV1GT0AS239770,AS IS UNIBODY / FRAME
49,W-112,557785,2010,Dodge,Challenger,R/T CLASS,BLUE,142730,Yes,2.0,2026-09-03,W,112,Red,2B3CJ5DT1AH111814,AS IS UNIBODY / FRAME
34,W-113,564406,2014,Ram,1500,Laramie,SILVER,257402,Yes,2.0,2026-09-03,W,113,"Red, Blue",1C6RR7NT4ES171152,AS IS
49,W-114,560956,2012,Ford,Mustang,V6,SILVER,181259,Yes,2.0,2026-09-03,W,114,Red,1ZVBP8EM4C5252451,AS IS
51,W-115,560279,2016,Land Rover,Range Rover Sport,"",BLUE,100887,Yes,1.9,2026-09-03,W,115,Red,SALWR2PF0GA585987,AS IS
46,W-117,561714,2018,Chevrolet,Silverado 1500,LT,BLACK,151314,Yes,2.0,2026-09-03,W,117,Red,3GCPCREC4JG644353,AS IS
49,W-118,564290,2015,Nissan,Altima,2.5,SILVER,182574,Yes,2.0,2026-09-03,W,118,"Red, Blue",1N4AL3AP4FN391907,AS IS
39,W-120,560692,2015,GMC,Sierra 1500,SLE,GRAY,125233,Yes,2.0,2026-09-03,W,120,Red,1GTV2UEH6FZ157882,AS IS
77,W-121,562369,2013,Ford,F150,LARIAT,BLACK,185049,Yes,2.0,2026-09-03,W,121,Red,1FTFW1CT7DFC03409,AS IS UNIBODY / FRAME
68,W-122,560923,2018,Nissan,Versa,SEDAN S PLUS,GRAY,122162,Yes,2.0,2026-09-03,W,122,Red,3N1CN7AP1JL873511,AS IS
34,W-123,562867,2016,BMW,5-Series,535i,GRAY,117269,Yes,2.0,2026-09-03,W,123,"Red, Blue",WBA5B1C58GG129129,AS IS
40,W-124,562395,2023,Cadillac,XT4,PREMIUM LUXU,SILVER,101130,Yes,2.0,2026-09-03,W,124,"Red, Yellow",1GYFZDR43PF174045,AS IS SALVAGE/REBUILT UNIBODY / FRAME
48,W-125,562846,2020,Toyota,Prius,L ECO,WHITE,74549,Yes,2.0,2026-09-03,W,125,"Red, Blue",JTDKARFU1L3120882,AS IS UNIBODY / FRAME
40,W-126,563739,2017,Honda,CR-V,Touring,WHITE,241193,Yes,2.0,2026-09-03,W,126,"Red, Blue",5J6RW1H96HL014004,AS IS
53,W-128,563857,2016,Honda,Accord,SEDAN EX-L,GOLD,119639,Yes,2.0,2026-09-03,W,128,"Red, Blue",1HGCR2F81GA033865,AS IS
60,W-129,563908,2019,Honda,Pilot,EX-L,WHITE,108964,Yes,2.0,2026-09-03,W,129,"Red, Blue",5FNYF5H5XKB013342,AS IS
44,W-130,563569,2018,Ford,F150,XLT,SILVER,162861,Yes,2.0,2026-09-03,W,130,"Red, Yellow",1FTEW1E54JFC31948,"AS IS, PREVIOUS CANADIAN"
