Picture Count,Run Number,Stock #,Year,Make,Model,Style,Color,Odometer,CR,Grade,Sale Date,Lane,Price
18,C-0052,236790,2025,Acura,MDX,w/Technology Package,BLUE,16275,Yes,4.7,2026-08-27,C,41600.0
23,C-0113,237014,2015,Acura,MDX,Tech Pkg,BLACK,136605,Yes,3.8,2026-08-27,C,8700.0
23,T-0017,235173,2014,Acura,MDX,SH-AWD 4dr AWD,SILVER,193341,Yes,2.6,2026-08-27,T,1800.0
28,B-0054,237044,2012,Acura,MDX,Tech Pkg,BURGUNDY,80779,Yes,3.1,2026-08-27,B,5800.0
19,C-0057,236890,2021,Acura,RDX,w/Advance Package,BLACK,84076,Yes,4.2,2026-08-27,C,24000.0
24,C-0155,237162,2013,Acura,RDX,Tech Pkg,BLACK,171050,Yes,3.6,2026-08-27,C,5400.0
14,B-0066,236953,2015,Audi,Q3,2.0T Premium Plus,BLACK,55817,No,"",2026-08-27,B,5400.0
20,C-0074,236912,2022,Audi,Q5 S-Line,S line Premium Plus,GRAY,19242,Yes,4.3,2026-08-27,C,27200.0
27,B-0090,237039,2018,Audi,Q7,Prestige,SILVER,155712,Yes,2.7,2026-08-27,B,5400.0
24,T-0010,234132,2017,Audi,Q7,Prestige,BLACK,150605,Yes,4.0,2026-08-27,T,3200.0
31,C-0174,237206,2008,Audi,Q7,3.6L Premium,GRAY,293468,Yes,2.7,2026-08-27,C,1700.0
15,C-0076,236935,2023,Audi,Q8,Premium Plus,WHITE,12484,Yes,4.9,2026-08-27,C,44600.0
28,DD-0008,1007278,2015,BMW,3-Series,335i xDrive,SILVER,178812,Yes,1.3,2026-08-27,DD,3200.0
19,D-0127,237055,2013,BMW,3-Series,328i xDrive,BLACK,145282,Yes,3.2,2026-08-27,D,1800.0
19,C-0157,237181,2013,BMW,3-Series,335i,BLACK,118724,Yes,3.6,2026-08-27,C,8400.0
18,C-0160,237184,2013,BMW,3-Series,335is,BLACK,98325,Yes,4.0,2026-08-27,C,11200.0
24,C-0095,236897,2014,BMW,3-Series Grn Turismo,328i xDrive,BLUE,117988,Yes,3.7,2026-08-27,C,6600.0
30,DD-0001,232862,2019,BMW,4-Series,430i xDrive,BLACK,64385,Yes,2.9,2026-08-27,DD,12800.0
21,D-0061,1006572,2018,BMW,4-Series,430i xDrive,SILVER,95824,Yes,4.3,2026-08-27,D,8800.0
24,C-0164,237289,2019,BMW,5-Series,530i,SILVER,122006,Yes,2.9,2026-08-27,C,7600.0
16,BB-0024,236998,2014,BMW,5-Series,528i xDrive,BLACK,111300,Yes,4.3,2026-08-27,BB,4400.0
14,DD-0022,237077,2012,BMW,5-Series,528i,BLUE,109719,No,"",2026-08-27,DD,3800.0
14,B-0040,236845,2013,BMW,7-Series,750i xDrive,BLACK,90537,No,"",2026-08-27,B,4000.0
16,D-0047,236330,2019,BMW,X3,XDrive30i,WHITE,71005,Yes,4.9,2026-08-27,D,14400.0
21,C-0159,237286,2024,BMW,X5,XDrive40i,WHITE,43962,Yes,4.5,2026-08-27,C,39500.0
18,C-0115,237079,2024,BMW,X5,XDrive40i,GRAY,38794,Yes,4.6,2026-08-27,C,44000.0
20,D-0106,236948,2020,BMW,X5,M50i,BLACK,61871,Yes,4.3,2026-08-27,D,28250.0
14,B-0028,236818,2016,BMW,X5,XDrive35d,WHITE,183086,No,"",2026-08-27,B,6000.0
16,C-0184,237319,2022,BMW,X6,XDrive40i,GRAY,83319,Yes,4.6,2026-08-27,C,31250.0
14,D-0111,237033,2019,BMW,X6,sDrive35i,BLACK,101426,No,"",2026-08-27,D,12500.0
17,C-0109,237009,2025,BMW,X7,XDrive40i,GREEN,42119,Yes,4.6,2026-08-27,C,53750.0
20,C-0142,237085,2024,BMW,X7,XDrive40i,WHITE,50850,Yes,4.5,2026-08-27,C,49250.0
32,C-0112,236482,2022,BMW,X7,XDrive40i,BROWN,61893,Yes,3.6,2026-08-27,C,25000.0
24,B-0058,236982,2014,Buick,Enclave,Leather,GOLD,154567,Yes,3.6,2026-08-27,B,3200.0
36,C-0105,236715,2018,Buick,Encore,Sport Touring,BURGUNDY,108575,Yes,2.8,2026-08-27,C,4200.0
19,C-0058,236858,2025,Cadillac,Escalade,Premium Luxury,WHITE,15726,Yes,4.4,2026-08-27,C,92500.0
17,C-0060,236894,2023,Cadillac,Escalade,Premium Luxury,WHITE,64381,Yes,4.5,2026-08-27,C,58500.0
22,C-0132,237165,2022,Cadillac,Escalade,ESV Premium Luxury,BLACK,91036,Yes,4.4,2026-08-27,C,40500.0
20,C-0148,237084,2023,Cadillac,XT5,Premium Luxury,BLACK,42597,Yes,4.4,2026-08-27,C,25750.0
14,T-0018,236316,2014,Chevrolet,Captiva Sport,Fleet LS,WHITE,115073,Yes,"",2026-08-27,T,800.0
14,D-0159,235814,2005,Chevrolet,Colorado,1SE LS Z71,SILVER,314673,Yes,"",2026-08-27,D,2000.0
13,D-0109,237078,2007,Chevrolet,Corvette,2dr Conv,BLACK,38473,No,"",2026-08-27,D,21500.0
24,C-0182,237320,2017,Chevrolet,Cruze,LT,GRAY,126809,Yes,3.3,2026-08-27,C,3100.0
14,BB-0021,236990,2011,Chevrolet,Equinox,LTZ,BLACK,127606,Yes,"",2026-08-27,BB,1100.0
14,BB-0008,236643,2011,Chevrolet,Impala,LT Fleet,RED,132606,Yes,"",2026-08-27,BB,800.0
14,C-0144,237301,2024,Chevrolet,Silverado 1500,LT,GRAY,17093,Yes,4.6,2026-08-27,C,38250.0
27,B-0014,236720,2020,Chevrolet,Silverado 1500,Work Truck,WHITE,178845,Yes,3.1,2026-08-27,B,11400.0
15,D-0103,236854,2017,Chevrolet,Silverado 1500,LT,BLACK,87296,No,"",2026-08-27,D,17400.0
26,DD-0030,237068,2007,Chevrolet,Silverado 1500,LT w/1LT,BLUE,127445,Yes,2.1,2026-08-27,DD,4800.0
22,B-0088,237115,2005,Chevrolet,Silverado 1500,Z71,BLACK,112312,Yes,2.3,2026-08-27,B,7000.0
25,D-0078,236992,2022,Chevrolet,Silverado 1500 LTD,Custom,GRAY,83213,Yes,3.3,2026-08-27,D,19500.0
30,C-0181,237087,2019,Chevrolet,Suburban,LT,BLACK,181230,Yes,2.9,2026-08-27,C,7900.0
15,D-0058,236337,2018,Chevrolet,Suburban,Premier,BLACK,150423,No,"",2026-08-27,D,8800.0
18,C-0079,237015,2023,Chevrolet,Tahoe,Premier,WHITE,90540,Yes,4.7,2026-08-27,C,36500.0
27,C-0139,237158,2021,Chevrolet,Tahoe,RST,WHITE,85262,Yes,3.5,2026-08-27,C,34250.0
26,B-0076,237071,2019,Chevrolet,Traverse,LT Cloth,GRAY,141312,Yes,3.0,2026-08-27,B,5800.0
29,C-0185,237089,2016,Chrysler,Town & Country,Touring,GRAY,122260,Yes,2.7,2026-08-27,C,2900.0
25,BB-0026,237047,2014,Chrysler,Town & Country,Touring-L,RED,123868,Yes,2.8,2026-08-27,BB,2600.0
23,C-0078,236933,2005,Chrysler,Town & Country,Touring,BLUE,110889,Yes,3.7,2026-08-27,C,2400.0
32,DD-0003,1007248,2021,Chrysler,Voyager,LXi,BLACK,139447,Yes,2.1,2026-08-27,DD,3000.0
18,C-0007,1007051,2022,Dodge,Charger,R/T,WHITE,70167,Yes,4.4,2026-08-27,C,26400.0
14,BB-0016,236750,2001,Dodge,Dakota,Base,BROWN,136322,No,"",2026-08-27,BB,3600.0
15,C-0070,237017,2026,Dodge,Durango,R/T 392 Premium,GRAY,2043,Yes,4.1,2026-08-27,C,45900.0
18,D-0019,236609,2024,Dodge,Durango,R/T Plus,WHITE,50876,Yes,4.3,2026-08-27,D,30250.0
24,C-0167,237290,2018,Dodge,Durango,R/T,WHITE,114753,Yes,4.2,2026-08-27,C,18200.0
49,DD-0004,1007006,2014,Dodge,Durango,Limited,WHITE,1,Yes,1.9,2026-08-27,DD,2000.0
19,C-0091,236922,2024,Ford,Bronco,Badlands,RED,6992,Yes,5.0,2026-08-27,C,42000.0
15,C-0121,237010,2024,Ford,Bronco,Outer Banks,BLACK,30995,Yes,4.8,2026-08-27,C,37400.0
19,C-0103,236510,2019,Ford,Edge,Titanium,SILVER,92426,Yes,4.4,2026-08-27,C,9400.0
15,B-0011,236874,2018,Ford,Escape,SE,GRAY,105065,Yes,"",2026-08-27,B,5400.0
14,B-0042,236650,2010,Ford,Escape,Limited,BLUE,89455,No,"",2026-08-27,B,4200.0
20,C-0131,237118,2025,Ford,Expedition,Platinum,WHITE,13481,Yes,4.6,2026-08-27,C,64000.0
22,BB-0042,237070,2016,Ford,Expedition,Limited,BLACK,195810,Yes,3.2,2026-08-27,BB,4600.0
28,C-0099,236895,2019,Ford,Expedition Max,Platinum,WHITE,119530,Yes,3.8,2026-08-27,C,19600.0
15,B-0084,237029,2018,Ford,Expedition Max,Limited,BLACK,113886,Yes,4.8,2026-08-27,B,14600.0
34,C-0102,236915,2016,Ford,Explorer,Platinum,BLACK,163469,Yes,2.5,2026-08-27,C,5400.0
15,D-0144,236497,2015,Ford,Explorer,XLT,BLACK,122975,Yes,"",2026-08-27,D,3400.0
14,BB-0014,236806,2006,Ford,Explorer,XLT,BURGUNDY,97317,Yes,"",2026-08-27,BB,3200.0
13,C-0154,237300,2026,Ford,F150,XL,BLACK,512,Yes,4.8,2026-08-27,C,45500.0
18,C-0106,236647,2023,Ford,F150,Lariat,GRAY,118180,Yes,4.6,2026-08-27,C,23000.0
24,C-0156,237287,2023,Ford,F150,XL,GRAY,92946,Yes,3.2,2026-08-27,C,19750.0
21,C-0054,236835,2022,Ford,F150,Lariat,RED,59683,Yes,4.2,2026-08-27,C,37400.0
29,D-0073,236839,2022,Ford,F150,Lariat,WHITE,83351,Yes,3.6,2026-08-27,D,32000.0
18,D-0102,236978,2018,Ford,F150,Platinum,RED,158064,Yes,4.0,2026-08-27,D,16200.0
24,D-0060,235835,2018,Ford,F150,Raptor,RED,86764,Yes,3.9,2026-08-27,D,30500.0
16,D-0126,237106,2018,Ford,F150,XLT,WHITE,71674,Yes,4.6,2026-08-27,D,16600.0
14,B-0064,236962,2010,Ford,F150,XL,GRAY,197325,Yes,"",2026-08-27,B,4400.0
25,DD-0028,237069,2014,Ford,Flex,SE,BLUE,116722,Yes,2.4,2026-08-27,DD,4000.0
22,B-0027,236976,2017,Ford,Focus,Titanium,GRAY,110366,Yes,4.0,2026-08-27,B,4800.0
14,BB-0038,237163,2013,Ford,Fusion,Hybrid SE,BLUE,161701,Yes,3.8,2026-08-27,BB,1800.0
14,D-0140,236563,2012,Ford,Fusion,SEL,BLACK,102945,Yes,"",2026-08-27,D,2600.0
13,T-0016,228539,2017,Ford,T250 Vans,"T-250 148"" Med Rf 9000 GVWR Sliding RH D",WHITE,151766,Yes,"",2026-08-27,T,4800.0
14,BB-0022,236989,2017,Ford,Taurus,Limited,WHITE,148025,No,"",2026-08-27,BB,2200.0
15,C-0163,237303,2025,Genesis,GV80 Coupe,3.5T,WHITE,34623,Yes,4.5,2026-08-27,C,54500.0
17,C-0085,236932,2023,GMC,Sierra 1500,AT4,BLACK,43035,Yes,3.7,2026-08-27,C,41000.0
16,C-0087,236919,2022,GMC,Sierra 1500,Elevation,BLUE,34577,Yes,4.6,2026-08-27,C,37600.0
30,C-0150,237285,2021,GMC,Yukon,Denali,WHITE,165469,Yes,3.0,2026-08-27,C,21250.0
15,C-0088,236926,2025,Honda,Accord,Hybrid Touring,WHITE,15930,Yes,4.7,2026-08-27,C,32000.0
31,C-0084,236961,2022,Honda,Accord,Sedan Sport,GRAY,94011,Yes,2.8,2026-08-27,C,19200.0
16,C-0055,236860,2022,Honda,Accord,Sedan Sport SE,BLUE,61902,Yes,4.5,2026-08-27,C,22800.0
23,C-0063,236899,2019,Honda,Accord,Sedan Sport 2.0T,BLACK,73204,Yes,3.5,2026-08-27,C,19000.0
24,B-0043,236952,2018,Honda,Accord,Sedan EX-L 1.5T,WHITE,119790,Yes,2.4,2026-08-27,B,10000.0
29,C-0153,237282,2018,Honda,Accord,Sedan Sport 2.0T,WHITE,107096,Yes,3.2,2026-08-27,C,15600.0
14,B-0017,236875,2014,Honda,Accord,Sedan Sport,WHITE,205608,Yes,2.5,2026-08-27,B,4400.0
24,C-0119,236924,2013,Honda,Accord,Sdn EX-L,SILVER,103308,Yes,2.3,2026-08-27,C,6100.0
14,B-0068,236945,2010,Honda,Accord,Sdn EX-L,BURGUNDY,134877,Yes,"",2026-08-27,B,6600.0
25,BB-0032,237111,2007,Honda,Accord,Sdn EX-L,BLACK,243526,Yes,1.7,2026-08-27,BB,1400.0
21,BB-0031,237114,2005,Honda,Accord,Cpe EX-L V6,WHITE,127117,Yes,3.6,2026-08-27,BB,3200.0
25,C-0117,235129,2016,Honda,Civic,Sedan Touring,BLACK,103546,Yes,3.7,2026-08-27,C,12000.0
30,D-0128,235211,2015,Honda,Civic,Sedan EX,BLACK,181288,Yes,3.1,2026-08-27,D,4000.0
14,D-0077,236721,2015,Honda,Civic,Sedan LX,BLACK,223267,Yes,"",2026-08-27,D,3400.0
14,BB-0005,236847,2012,Honda,Civic,Sdn LX,BROWN,115892,Yes,"",2026-08-27,BB,3000.0
15,C-0053,236891,2023,Honda,CR-V,Hybrid Sport,GRAY,60429,Yes,4.8,2026-08-27,C,25400.0
25,C-0120,237119,2017,Honda,CR-V,EX-L,TAN,112864,Yes,2.8,2026-08-27,C,14000.0
24,C-0064,236793,2016,Honda,CR-V,EX,BROWN,141466,Yes,3.8,2026-08-27,C,9800.0
14,D-0122,237101,2013,Honda,CR-V,EX-L,BROWN,96257,No,"",2026-08-27,D,7800.0
23,C-0126,237008,2013,Honda,CR-V,EX-L,WHITE,91550,Yes,3.4,2026-08-27,C,13200.0
27,BB-0035,237122,2006,Honda,CR-V,EX,BURGUNDY,183572,Yes,2.2,2026-08-27,BB,2800.0
34,C-0104,236938,2018,Honda,Fit,EX-L,SILVER,114093,Yes,2.9,2026-08-27,C,10800.0
21,C-0065,236789,2016,Honda,HR-V,LX,GREEN,109869,Yes,3.8,2026-08-27,C,10800.0
24,C-0143,237160,2019,Honda,Odyssey,EX-L w/Navi/RES,BLUE,38255,Yes,3.6,2026-08-27,C,21500.0
23,C-0107,236927,2018,Honda,Odyssey,Elite,WHITE,149047,Yes,3.6,2026-08-27,C,13600.0
22,B-0024,236809,2016,Honda,Odyssey,EX-L,GRAY,162060,Yes,3.8,2026-08-27,B,6800.0
15,BB-0015,236848,2004,Honda,Odyssey,EX,GREEN,124684,Yes,"",2026-08-27,BB,3600.0
16,D-0052,235752,2019,Honda,Passport,EX-L,GRAY,43013,Yes,4.6,2026-08-27,D,18750.0
21,C-0152,237183,2014,Honda,Pilot,EX-L,GRAY,164246,Yes,4.1,2026-08-27,C,5400.0
15,BB-0009,236864,2012,Honda,Pilot,EX-L,BLACK,218684,Yes,"",2026-08-27,BB,1400.0
21,DD-0029,237066,2011,Honda,Pilot,Touring,SILVER,153748,Yes,2.6,2026-08-27,DD,3700.0
32,BB-0033,237056,2008,Honda,Pilot,SE,SILVER,186002,Yes,1.8,2026-08-27,BB,2500.0
35,C-0176,237204,2021,Hyundai,Elantra,SEL,BLACK,104048,Yes,2.7,2026-08-27,C,7900.0
33,C-0015,1007056,2016,Hyundai,Elantra,SE,WHITE,132551,Yes,1.9,2026-08-27,C,2300.0
14,BB-0006,236851,2012,Hyundai,Elantra,GLS PZEV,GRAY,171073,Yes,"",2026-08-27,BB,1400.0
34,C-0129,236934,2012,Hyundai,Elantra,Limited PZEV,BLUE,179887,Yes,1.7,2026-08-27,C,1800.0
21,B-0025,236974,2015,Hyundai,Genesis,3.8L,RED,72051,Yes,4.0,2026-08-27,B,9000.0
14,B-0055,237045,2018,Hyundai,Kona,SE,BLACK,107872,Yes,4.5,2026-08-27,B,6200.0
17,C-0056,236788,2022,Hyundai,Santa Cruz,Limited,WHITE,64292,Yes,4.3,2026-08-27,C,19800.0
17,C-0170,237298,2022,Hyundai,Santa Fe,Limited,WHITE,40982,Yes,4.4,2026-08-27,C,21750.0
32,BB-0028,237050,2015,Hyundai,Santa Fe,Limited,WHITE,162899,Yes,2.4,2026-08-27,BB,3600.0
14,BB-0040,237104,2014,Hyundai,Santa Fe Sport,4dr 2.4,BROWN,142635,Yes,3.1,2026-08-27,BB,3800.0
20,T-0015,236072,2018,Hyundai,Sonata,SE,WHITE,80017,Yes,2.1,2026-08-27,T,2500.0
39,T-0002,1007269,2015,Hyundai,Sonata,2.4L Sport,BLACK,115586,Yes,1.5,2026-08-27,T,1500.0
22,C-0122,236321,2018,Hyundai,Tucson,Value,BLACK,110976,Yes,3.7,2026-08-27,C,5100.0
14,BB-0010,236852,2011,Hyundai,Tucson,GLS,WHITE,208423,Yes,"",2026-08-27,BB,2200.0
14,DD-0025,236969,2013,Hyundai,Veloster,Turbo w/Blue Int,WHITE,139795,Yes,"",2026-08-27,DD,1400.0
22,BB-0025,236975,2007,INFINITI,FX45,4dr,TAN,144690,Yes,2.8,2026-08-27,BB,1900.0
19,C-0135,237182,2020,INFINITI,QX50,Luxe,WHITE,63429,Yes,4.4,2026-08-27,C,17800.0
40,DD-0007,1007059,2020,INFINITI,QX50,Luxe,WHITE,90370,Yes,1.3,2026-08-27,DD,3100.0
20,C-0141,237185,2018,Jeep,All-New Wrangler,Rubicon,SILVER,109728,Yes,4.1,2026-08-27,C,18200.0
18,C-0090,236918,2020,Jeep,Cherokee,Latitude,SILVER,51087,Yes,4.1,2026-08-27,C,13600.0
22,D-0083,236659,2019,Jeep,Cherokee,Trailhawk Elite,BLACK,80323,Yes,4.5,2026-08-27,D,11200.0
21,B-0057,237049,2016,Jeep,Cherokee,Limited,WHITE,148760,Yes,4.0,2026-08-27,B,5200.0
17,D-0017,236489,2024,Jeep,Compass,Latitude LUX,SILVER,41362,Yes,4.6,2026-08-27,D,16400.0
15,C-0093,236972,2024,Jeep,Gladiator,Nighthawk,WHITE,11401,Yes,4.7,2026-08-27,C,31000.0
33,D-0075,236837,2021,Jeep,Gladiator,Mojave,BLACK,79540,Yes,4.3,2026-08-27,D,25500.0
25,C-0171,237197,2017,Jeep,Grand Cherokee,Laredo,BLACK,133080,Yes,2.6,2026-08-27,C,5200.0
24,D-0066,236731,2017,Jeep,Grand Cherokee,Limited,BLACK,109543,Yes,2.8,2026-08-27,D,9200.0
21,C-0175,237157,2022,Jeep,Grand Cherokee L,Limited,WHITE,64456,Yes,4.7,2026-08-27,C,22250.0
14,BB-0001,236644,2015,Jeep,Patriot,Altitude Edition,GRAY,147944,Yes,"",2026-08-27,BB,2400.0
17,C-0180,237317,2024,Jeep,Wagoneer,Series II Carbide,GRAY,27372,Yes,4.3,2026-08-27,C,40000.0
17,C-0097,236703,2019,Jeep,Wrangler,Unlimited Sahara,GREEN,61861,Yes,4.3,2026-08-27,C,15400.0
14,B-0059,237048,2016,Jeep,Wrangler,Unlimited Sport,WHITE,138385,Yes,4.8,2026-08-27,B,8200.0
22,B-0081,237105,2015,Jeep,Wrangler,Unlimited Altitude,RED,99795,Yes,3.3,2026-08-27,B,12800.0
18,B-0082,237067,2010,Jeep,Wrangler,Unlimited Sport,ORANGE,170575,Yes,3.7,2026-08-27,B,5200.0
22,C-0137,237083,2022,Kia,Carnival,LXS,RED,62143,Yes,3.9,2026-08-27,C,19200.0
24,C-0136,237081,2022,Kia,Carnival,LXS,BLACK,36502,Yes,3.5,2026-08-27,C,23250.0
26,C-0130,237121,2021,Kia,K5,GT-Line,GRAY,100625,Yes,3.2,2026-08-27,C,13600.0
26,BB-0046,237192,2015,Kia,K900,Premium,SILVER,101498,Yes,2.2,2026-08-27,BB,2200.0
14,BB-0004,236844,2013,Kia,Optima,Hybrid LX,BLACK,136251,Yes,"",2026-08-27,BB,1400.0
31,C-0066,236791,2019,Kia,Sorento,SX Limited V6,BLACK,68565,Yes,"",2026-08-27,C,14000.0
14,D-0074,236719,2016,Kia,Sorento,L,GRAY,131053,No,"",2026-08-27,D,2600.0
14,BB-0019,236869,2016,Kia,Sorento,LX,RED,135495,Yes,"",2026-08-27,BB,3300.0
24,B-0026,236849,2016,Kia,Sorento,SX,GRAY,151905,Yes,3.4,2026-08-27,B,4200.0
14,D-0038,236732,2020,Kia,Soul,LX,SILVER,113114,No,"",2026-08-27,D,5500.0
55,T-0004,1007110,2016,Kia,Soul,+,GREEN,171667,Yes,1.2,2026-08-27,T,600.0
38,C-0162,237284,2016,Kia,Soul,+,GREEN,122465,Yes,1.8,2026-08-27,C,3800.0
16,C-0118,237120,2025,Kia,Sportage,LX,WHITE,13071,Yes,4.7,2026-08-27,C,21200.0
16,C-0094,236936,2024,Kia,Sportage,SX-Prestige,GRAY,41518,Yes,4.7,2026-08-27,C,24400.0
31,C-0068,236916,2023,Kia,Sportage,SX-Prestige,WHITE,40190,Yes,3.1,2026-08-27,C,22800.0
26,C-0127,237073,2021,Kia,Stinger,GT,BLUE,88066,Yes,2.6,2026-08-27,C,17600.0
19,B-0096,237187,2016,Land Rover,Range Rover,Diesel HSE,WHITE,136891,Yes,4.4,2026-08-27,B,8300.0
25,BB-0044,237188,2013,Land Rover,Range Rover Evoque,Pure Plus,BLACK,183550,Yes,2.8,2026-08-27,BB,1100.0
21,B-0048,236988,2017,Land Rover,Range Rover Sport,SE,WHITE,91230,Yes,2.8,2026-08-27,B,10800.0
20,C-0124,237117,2016,Lexus,IS 200t,4dr Sdn,WHITE,28723,Yes,4.2,2026-08-27,C,22200.0
23,D-0035,236564,2016,Lexus,IS 300,4dr Sdn,GRAY,144510,Yes,4.0,2026-08-27,D,10200.0
23,C-0169,236862,2023,Lexus,IS 350,F Sport,WHITE,13252,Yes,4.3,2026-08-27,C,41000.0
23,C-0098,236893,2014,Lexus,IS 350,4dr Sdn,RED,90154,Yes,3.9,2026-08-27,C,16800.0
26,C-0089,236798,2005,Lexus,LS 430,4dr Sdn,WHITE,223935,Yes,3.6,2026-08-27,C,4900.0
14,BB-0013,236856,2006,Lexus,RX 330,4dr SUV,WHITE,169704,Yes,"",2026-08-27,BB,2600.0
20,C-0173,237296,2013,Lexus,RX 350,4dr,BLACK,103175,Yes,3.7,2026-08-27,C,11800.0
23,C-0168,237299,2019,Lexus,RX 350L,Premium,BLACK,101786,Yes,4.0,2026-08-27,C,23250.0
24,BB-0034,237116,2006,Lexus,RX 400h,4dr Hybrid SUV,OTHER,251331,Yes,2.6,2026-08-27,BB,1300.0
17,D-0164,234890,2017,Lexus,RX 450h,RX 450h,WHITE,131908,Yes,4.0,2026-08-27,D,17200.0
16,C-0179,237318,2024,Lexus,RX-Series,Premium,WHITE,34626,Yes,4.7,2026-08-27,C,40000.0
30,B-0091,237038,2018,Maserati,Levante,GranLusso,WHITE,80545,Yes,3.8,2026-08-27,B,15800.0
33,D-0044,236767,2020,Mazda,CX-30,Preferred Package,BLACK,99599,Yes,2.3,2026-08-27,D,10600.0
17,D-0095,236813,2020,Mazda,CX-5,Touring,WHITE,74778,Yes,4.4,2026-08-27,D,16400.0
30,C-0133,234136,2018,Mazda,CX-5,Sport,RED,82591,Yes,2.8,2026-08-27,C,8700.0
17,C-0116,236940,2015,Mazda,CX-5,Grand Touring,BLACK,143218,Yes,4.6,2026-08-27,C,9000.0
22,C-0101,236973,2019,Mazda,CX-9,Touring,GRAY,83937,Yes,3.2,2026-08-27,C,13600.0
14,B-0063,236811,2012,Mazda,Mazda3,i Grand Touring,BLUE,71742,Yes,"",2026-08-27,B,5100.0
29,C-0061,236792,2010,Mazda,Mazda3,i Touring,SILVER,142536,Yes,3.0,2026-08-27,C,2300.0
36,C-0183,237128,2016,Mercedes-Benz,C-Class,4dr Sdn C 300,RED,141269,Yes,2.5,2026-08-27,C,4500.0
14,B-0075,237124,2015,Mercedes-Benz,CLA Class,4MATIC,GRAY,132812,No,"",2026-08-27,B,6000.0
32,B-0087,237041,2014,Mercedes-Benz,E Class,E 350 Sport,WHITE,159570,Yes,2.0,2026-08-27,B,3200.0
36,C-0125,236920,2011,Mercedes-Benz,E Class,E 350 Sport,GRAY,117049,Yes,2.0,2026-08-27,C,2300.0
19,C-0072,236917,2022,Mercedes-Benz,GLB,GLB 250 SUV,WHITE,38297,Yes,4.3,2026-08-27,C,20200.0
23,C-0096,236939,2020,Mercedes-Benz,GLB,250 4MATIC,SILVER,70273,Yes,4.3,2026-08-27,C,14200.0
14,C-0172,237295,2024,Mercedes-Benz,GLC,300 4MATIC SUV,WHITE,20725,Yes,4.8,2026-08-27,C,34750.0
27,C-0083,236928,2019,Mercedes-Benz,GLC,GLC 300 SUV,BLACK,95783,Yes,2.2,2026-08-27,C,10000.0
31,C-0067,236794,2022,Mercedes-Benz,GLE,4MATIC,RED,89581,Yes,3.5,2026-08-27,C,45500.0
32,C-0111,237074,2016,Mercedes-Benz,GLE,4dr GLE 350,BLACK,150607,Yes,2.6,2026-08-27,C,7700.0
19,C-0009,1007308,2014,Mercedes-Benz,GLK Class,GLK 350,RED,116375,Yes,4.4,2026-08-27,C,5800.0
28,C-0081,236942,2018,Mercedes-Benz,GLS,450 4MATIC,BLACK,100347,Yes,3.4,2026-08-27,C,12200.0
14,D-0147,236745,2014,Mercedes-Benz,M Class,ML 350 BlueTEC,BLACK,144166,Yes,"",2026-08-27,D,5800.0
14,BB-0012,236840,2007,Mercedes-Benz,M Class,3.5L,BLACK,209479,No,"",2026-08-27,BB,1100.0
17,C-0145,237178,2018,Mercedes-Benz,Maybach,Maybach S 560,BLACK,24512,Yes,4.3,2026-08-27,C,60500.0
30,C-0012,1007050,2021,Mercedes-Benz,S-Class,4MATIC,WHITE,72939,Yes,4.1,2026-08-27,C,39000.0
13,D-0158,236356,2014,Mercedes-Benz,SL Class,SL 550,GRAY,48874,No,"",2026-08-27,D,25000.0
24,B-0033,236984,2015,Mini,Cooper,Hardtop 4 Door S,GREEN,128610,Yes,3.6,2026-08-27,B,4000.0
14,BB-0029,236958,2007,Mini,Cooper,Hardtop S,RED,106094,No,"",2026-08-27,BB,3300.0
13,BB-0020,236870,2011,Mitsubishi,Lancer,ES,SILVER,204610,Yes,"",2026-08-27,BB,1000.0
23,DD-0002,1007130,2019,Nissan,Altima,2.5 SR,BLUE,132422,Yes,2.7,2026-08-27,DD,3400.0
14,B-0044,236850,2015,Nissan,Altima,2.5 SV,RED,118319,Yes,"",2026-08-27,B,3400.0
14,DD-0023,237076,2013,Nissan,Altima,2.5 S,GRAY,196910,Yes,"",2026-08-27,DD,1200.0
27,D-0025,236288,2023,Nissan,Kicks,SV,WHITE,81273,Yes,2.9,2026-08-27,D,8400.0
20,BB-0041,237112,2014,Nissan,Maxima,3.5 SV w/Premium Pkg,BLUE,179794,Yes,2.9,2026-08-27,BB,2400.0
20,C-0062,236892,2010,Nissan,Maxima,3.5 SV,SILVER,150339,Yes,4.1,2026-08-27,C,1000.0
38,D-0050,236656,2019,Nissan,Murano,SL,BLUE,110134,Yes,3.3,2026-08-27,D,10400.0
14,D-0146,236754,2004,Nissan,Murano,SL,BLUE,99097,Yes,"",2026-08-27,D,1400.0
36,C-0146,237082,2017,Nissan,Pathfinder,Platinum,GRAY,170949,Yes,2.5,2026-08-27,C,2200.0
16,BB-0018,236868,2014,Nissan,Pathfinder,Platinum,SILVER,135738,Yes,"",2026-08-27,BB,2000.0
29,C-0123,236931,2014,Nissan,Pathfinder,SL,WHITE,111561,Yes,3.3,2026-08-27,C,1100.0
19,B-0001,1006841,2025,Nissan,Rogue,SL,BLACK,64957,Yes,4.6,2026-08-27,B,20000.0
27,C-0158,237042,2013,Nissan,Rogue,SV,SILVER,62625,Yes,2.4,2026-08-27,C,3100.0
25,DD-0027,237053,2006,Nissan,Xterra,S,RED,179648,Yes,1.5,2026-08-27,DD,1000.0
17,C-0073,236914,2023,Porsche,Cayenne,Coupe,WHITE,45855,Yes,4.6,2026-08-27,C,48250.0
20,B-0094,237190,2017,Porsche,Macan,Base,GOLD,103662,Yes,4.0,2026-08-27,B,10400.0
14,C-0166,237302,2021,Porsche,Panamera,4S E-Hybrid,WHITE,47370,Yes,4.7,2026-08-27,C,47750.0
15,C-0069,236859,2021,Ram,1500,Limited,BLACK,39558,Yes,4.4,2026-08-27,C,38500.0
35,D-0156,235331,2014,Ram,1500,Big Horn,SILVER,180812,Yes,1.8,2026-08-27,D,2500.0
41,T-0003,1007195,2012,Ram,1500,Sport,BLACK,176057,Yes,1.3,2026-08-27,T,1300.0
14,BB-0030,236944,2008,Saturn,Aura,XE,TAN,113117,Yes,"",2026-08-27,BB,1800.0
28,C-0177,237203,2018,Subaru,Crosstrek,Limited,GRAY,131275,Yes,3.3,2026-08-27,C,7800.0
16,C-0075,236799,2021,Subaru,Forester,Sport,WHITE,43821,Yes,4.5,2026-08-27,C,23000.0
15,B-0029,236977,2016,Subaru,Forester,2.5i Premium,SILVER,125447,Yes,4.6,2026-08-27,B,6400.0
23,T-0001,1007107,2014,Subaru,Impreza,Wagon WRX,WHITE,153436,Yes,3.6,2026-08-27,T,1700.0
24,B-0019,236999,2013,Subaru,Impreza,Wagon 2.0i Sport Premium,BURGUNDY,98212,Yes,3.3,2026-08-27,B,5400.0
21,C-0086,236797,2019,Subaru,Legacy,Premium,SILVER,94024,Yes,4.5,2026-08-27,C,12200.0
30,B-0095,237193,2015,Subaru,Legacy,2.5i Limited,SILVER,112205,Yes,2.1,2026-08-27,B,4400.0
26,C-0071,236795,2023,Subaru,Outback,Onyx Edition,WHITE,66557,Yes,3.6,2026-08-27,C,20200.0
16,C-0140,237177,2019,Subaru,Outback,2.5i,SILVER,100032,Yes,4.3,2026-08-27,C,11300.0
20,B-0015,236993,2019,Subaru,Outback,Limited,RED,167169,Yes,2.9,2026-08-27,B,7000.0
24,D-0114,237022,2016,Subaru,Outback,2.5i Limited,SILVER,153019,Yes,2.8,2026-08-27,D,4200.0
25,C-0036,237086,2024,Tesla,Model 3,*Ltd Avail*,WHITE,18229,Yes,3.7,2026-08-27,C,27000.0
18,C-0035,237125,2024,Tesla,Model 3,Long Range,RED,26513,Yes,4.5,2026-08-27,C,32000.0
19,C-0023,236787,2023,Tesla,Model 3,Long Range,WHITE,26844,Yes,4.3,2026-08-27,C,24800.0
34,C-0040,237155,2023,Tesla,Model 3,Standard Range Plus,GRAY,61856,Yes,2.9,2026-08-27,C,20400.0
18,C-0025,237011,2023,Tesla,Model 3,Standard Range Plus,BLACK,105466,Yes,4.4,2026-08-27,C,18000.0
27,C-0027,236971,2022,Tesla,Model 3,Long Range,GRAY,121391,Yes,3.1,2026-08-27,C,14800.0
20,C-0024,237016,2021,Tesla,Model 3,Standard Range Plus,WHITE,98601,Yes,3.9,2026-08-27,C,16600.0
24,C-0037,237283,2020,Tesla,Model 3,Long Range,WHITE,44825,Yes,3.8,2026-08-27,C,22800.0
22,C-0034,237061,2019,Tesla,Model 3,Long Range,WHITE,139787,Yes,3.7,2026-08-27,C,12000.0
18,C-0032,237059,2019,Tesla,Model 3,Mid Range,WHITE,71821,Yes,3.9,2026-08-27,C,18000.0
19,C-0031,237058,2016,Tesla,Model S,90D,GOLD,186446,Yes,3.3,2026-08-27,C,9400.0
14,B-0083,237123,2016,Tesla,Model S 2016.5,75D,BLUE,114447,No,"",2026-08-27,B,13200.0
17,C-0039,237297,2017,Tesla,Model X,90D,GRAY,90060,Yes,4.6,2026-08-27,C,19200.0
24,C-0033,237060,2016,Tesla,Model X,70D,RED,98453,Yes,3.7,2026-08-27,C,14000.0
33,C-0026,236970,2023,Tesla,Model Y,Long Range,WHITE,112712,Yes,2.8,2026-08-27,C,22000.0
26,C-0030,237025,2021,Tesla,Model Y,Long Range,BLACK,65392,Yes,3.9,2026-08-27,C,21000.0
22,C-0038,237240,2021,Tesla,Model Y,Long Range,WHITE,104075,Yes,3.9,2026-08-27,C,20600.0
29,C-0001,1007119,2021,Tesla,Model Y,Long Range,BLACK,89483,Yes,3.7,2026-08-27,C,20000.0
18,C-0165,237288,2022,Toyota,4Runner,Limited,GRAY,36810,Yes,3.8,2026-08-27,C,40000.0
17,B-0007,236867,2020,Toyota,Camry,LE,RED,143313,Yes,2.8,2026-08-27,B,8800.0
17,B-0009,236871,2018,Toyota,Camry,SE,RED,212054,Yes,2.9,2026-08-27,B,7600.0
29,B-0018,236808,2018,Toyota,Camry,SE,BLACK,219331,Yes,1.8,2026-08-27,B,4600.0
28,C-0092,236900,2018,Toyota,Camry,XSE,BLUE,89196,Yes,2.5,2026-08-27,C,17000.0
29,DD-0024,236967,2013,Toyota,Camry,LE,SILVER,221326,Yes,2.4,2026-08-27,DD,1600.0
14,B-0038,236817,2013,Toyota,Camry,SE,GRAY,114465,Yes,"",2026-08-27,B,5400.0
26,BB-0036,237065,2010,Toyota,Camry,LE,SILVER,151751,Yes,2.8,2026-08-27,BB,3800.0
13,BB-0043,237186,2007,Toyota,Camry,LE,WHITE,128202,Yes,"",2026-08-27,BB,3600.0
18,C-0002,1007132,2024,Toyota,Corolla,LE,RED,44703,Yes,4.3,2026-08-27,C,15800.0
21,B-0022,236652,2017,Toyota,Corolla,LE,WHITE,213128,Yes,3.2,2026-08-27,B,4200.0
14,B-0070,236968,2016,Toyota,Corolla,S Plus,BLUE,166168,Yes,"",2026-08-27,B,6200.0
21,C-0138,237024,2016,Toyota,Corolla,S Premium,GRAY,134895,Yes,2.9,2026-08-27,C,7800.0
30,C-0149,237180,2015,Toyota,Corolla,S Plus,RED,135538,Yes,3.1,2026-08-27,C,8400.0
14,BB-0011,236800,2009,Toyota,Corolla,LE,SILVER,141907,Yes,"",2026-08-27,BB,2400.0
26,B-0062,236980,2014,Toyota,Highlander,Limited Platinum V6,RED,192187,Yes,2.5,2026-08-27,B,9800.0
22,C-0134,237080,2024,Toyota,Prius,XLE,GRAY,30241,Yes,4.1,2026-08-27,C,26500.0
22,B-0047,236950,2016,Toyota,Prius,Four,BLACK,90233,Yes,2.4,2026-08-27,B,10000.0
27,B-0045,236951,2014,Toyota,Prius,Four,WHITE,105581,Yes,2.8,2026-08-27,B,7000.0
14,B-0036,236816,2013,Toyota,Prius,Three SE,WHITE,143416,No,"",2026-08-27,B,7000.0
24,C-0161,237176,2013,Toyota,Prius,Two,BLUE,82840,Yes,2.7,2026-08-27,C,7400.0
25,C-0128,236923,2009,Toyota,Prius,Touring,WHITE,167466,Yes,2.8,2026-08-27,C,2800.0
30,B-0061,237051,2014,Toyota,Prius V,Three,BLACK,171768,Yes,2.8,2026-08-27,B,4800.0
14,BB-0023,236991,2012,Toyota,Prius V,Two,BLUE,251133,Yes,"",2026-08-27,BB,1500.0
14,C-0082,236929,2026,Toyota,RAV4,LE,BLACK,1733,Yes,4.8,2026-08-27,C,34900.0
16,C-0077,236921,2024,Toyota,RAV4,Hybrid XLE Premium,WHITE,28693,Yes,4.7,2026-08-27,C,35200.0
17,C-0178,237088,2024,Toyota,RAV4,Hybrid XSE,WHITE,26965,Yes,4.7,2026-08-27,C,36300.0
15,B-0074,236966,2012,Toyota,RAV4,Limited V6,BLACK,161448,Yes,4.5,2026-08-27,B,6400.0
21,D-0081,236872,2023,Toyota,Tacoma,SR5 V6,GRAY,52713,Yes,4.3,2026-08-27,D,27750.0
15,D-0120,237064,2019,Toyota,Tacoma,SR5 V6,SILVER,163252,Yes,4.4,2026-08-27,D,18000.0
26,C-0108,236796,2017,Toyota,Tacoma,SR5 V6,GRAY,116511,Yes,3.9,2026-08-27,C,18900.0
30,B-0021,236996,2016,Toyota,Tacoma,TRD Sport,GRAY,176358,Yes,2.8,2026-08-27,B,14000.0
21,C-0010,1007306,2014,Toyota,Tacoma,PreRunner,SILVER,119146,Yes,3.1,2026-08-27,C,13200.0
23,B-0050,236983,2010,Toyota,Tacoma,Base V6,GRAY,232781,Yes,2.6,2026-08-27,B,7800.0
14,BB-0050,234134,2004,Toyota,Tacoma,Base V6,SILVER,235988,Yes,"",2026-08-27,BB,1600.0
23,C-0008,1007186,2024,Volkswagen,GTI,S,BLUE,56973,Yes,3.5,2026-08-27,C,19000.0
31,C-0110,236941,2016,Volkswagen,Jetta,Sedan 1.4T S,GRAY,127507,Yes,3.6,2026-08-27,C,4200.0
23,C-0147,237023,2016,Volkswagen,Passat,1.8T S,GOLD,129683,Yes,2.3,2026-08-27,C,2000.0
24,C-0100,237166,2023,Volkswagen,Taos,S,BLUE,46576,Yes,4.0,2026-08-27,C,14600.0
21,C-0006,1007144,2024,Volkswagen,Tiguan,SEL R-Line,GRAY,30660,Yes,4.6,2026-08-27,C,25000.0
14,BB-0017,236865,2014,Volvo,S60,T5,RED,149627,No,"",2026-08-27,BB,4000.0
13,C-0151,237179,2026,Volvo,XC60,Ultra,GRAY,3890,Yes,4.8,2026-08-27,C,43500.0
23,C-0186,237127,2010,Volvo,XC60,3.2L,WHITE,137927,Yes,4.3,2026-08-27,C,3300.0
22,C-0080,236930,2021,Volvo,XC90,Momentum,WHITE,70505,Yes,3.8,2026-08-27,C,18200.0
35,B-0093,237191,2017,Volvo,XC90,Momentum,GRAY,150143,Yes,2.3,2026-08-27,B,5800.0
